{
  "Quizes": [
    {
      "QuizId": "Qz1011",
      "Title": "AWSQuiz1",
      "Category": "Cloud",
      "postedDate" : "23/08/2019",
      "Questions": "QCloud011,QCloud012,QCloud013,QCloud014"
    },
    {
      "QuizId": "Qz1012",
      "Title": "AWSQuiz2",
      "Category": "Cloud",
      "postedDate" : "25/08/2019",
      "Questions": "QCloud015,QCloud016,QCloud017,QCloud011"
      },
    {
      "QuizId": "Qz1013",
      "Title": "AzureQuiz1",
      "Category": "Cloud",
      "postedDate" : "25/08/2019",
      "Questions": "QAzz11,QAzz12,QAzz12,QAzz12"
    }
  ]
}